{"cameraMode":{"drawMode":0,"name":"Shaded","section":"Shading Mode"},"sceneLighting":false,"audioPlay":false,"sceneViewState":{"showFog":true,"showMaterialUpdate":false,"showSkybox":false,"showFlares":true,"showImageEffects":true,"showParticleSystems":true},"in2DMode":false,"pivot":{"x":1.2154344320297242,"y":1.2968733310699463,"z":0.28731846809387209},"rotation":{"x":-0.04358422011137009,"y":-0.7639166116714478,"z":0.051880281418561938,"w":-0.6417527794837952},"size":1.5055384635925294,"orthographic":false}